"","species","RGR","dayTemp"
"1","bic",0.116086404797546,33
"2","car",0.0329405277756874,33
"3","eas",0.0271221531411137,33
"4","fil",0.0631141383184358,33
"5","flo",0.076938213322314,33
"6","gut",0.177401088588571,33
"7","lac",0.152803962194118,33
"8","nor",0.0479744135074627,33
"9","par",0.0533103670173323,33
"10","ver",0.0219972502335958,33
